{
  "computed_at": "2026-07-22T14:42:17.411545",
  "measured": true,
  "delta_pct": 3946.88,
  "models": {
    "haiku": {
      "n": 2529,
      "mean": 2.0601028074337684,
      "p90": 4.0
    },
    "sonnet": {
      "n": 21284,
      "mean": 83.36990227400865,
      "p90": 61.0
    }
  }
}