{
  "computed_at": "2026-07-17T07:38:57.023274",
  "measured": true,
  "delta_pct": 4438.95,
  "models": {
    "haiku": {
      "n": 1782,
      "mean": 2.0600448933782265,
      "p90": 4.0
    },
    "sonnet": {
      "n": 10890,
      "mean": 93.50449954086318,
      "p90": 64.0
    }
  }
}