{
  "computed_at": "2026-07-20T06:53:20.895479",
  "measured": true,
  "delta_pct": 4027.09,
  "models": {
    "haiku": {
      "n": 2358,
      "mean": 2.066581849024597,
      "p90": 4.0
    },
    "sonnet": {
      "n": 17202,
      "mean": 85.28979188466458,
      "p90": 61.0
    }
  }
}