{
  "computed_at": "2026-07-21T11:11:55.107846",
  "measured": true,
  "delta_pct": 4118.47,
  "models": {
    "haiku": {
      "n": 2452,
      "mean": 2.0656606851549757,
      "p90": 4.0
    },
    "sonnet": {
      "n": 19493,
      "mean": 87.13917816652132,
      "p90": 61.0
    }
  }
}