{
  "computed_at": "2026-07-20T07:18:35.380927",
  "measured": true,
  "delta_pct": 4011.58,
  "models": {
    "haiku": {
      "n": 2358,
      "mean": 2.066581849024597,
      "p90": 4.0
    },
    "sonnet": {
      "n": 17277,
      "mean": 84.96920761706315,
      "p90": 61.0
    }
  }
}