{
  "computed_at": "2026-07-16T05:25:04.454917",
  "measured": true,
  "delta_pct": 4918.42,
  "models": {
    "haiku": {
      "n": 1140,
      "mean": 2.0271929824561403,
      "p90": 4.0
    },
    "sonnet": {
      "n": 6672,
      "mean": 101.73306354916068,
      "p90": 65.0
    }
  }
}