{
  "computed_at": "2026-07-17T21:38:12.907874",
  "measured": true,
  "delta_pct": 4291.17,
  "models": {
    "haiku": {
      "n": 2062,
      "mean": 2.049466537342386,
      "p90": 4.0
    },
    "sonnet": {
      "n": 12570,
      "mean": 89.99562450278441,
      "p90": 64.0
    }
  }
}