{
  "computed_at": "2026-07-18T10:16:46.489926",
  "measured": true,
  "delta_pct": 4129.71,
  "models": {
    "haiku": {
      "n": 2092,
      "mean": 2.051625239005736,
      "p90": 4.0
    },
    "sonnet": {
      "n": 13623,
      "mean": 86.77772884093078,
      "p90": 63.0
    }
  }
}