{
  "computed_at": "2026-07-18T15:57:20.770168",
  "measured": true,
  "delta_pct": 4046.98,
  "models": {
    "haiku": {
      "n": 2113,
      "mean": 2.0553715097018457,
      "p90": 4.0
    },
    "sonnet": {
      "n": 13991,
      "mean": 85.2357944392824,
      "p90": 63.0
    }
  }
}