{
  "computed_at": "2026-07-20T17:31:38.002174",
  "measured": true,
  "delta_pct": 4099.12,
  "models": {
    "haiku": {
      "n": 2397,
      "mean": 2.0688360450563206,
      "p90": 4.0
    },
    "sonnet": {
      "n": 18661,
      "mean": 86.87294357215583,
      "p90": 61.0
    }
  }
}