{
  "computed_at": "2026-07-19T21:29:17.775879",
  "measured": true,
  "delta_pct": 4046.03,
  "models": {
    "haiku": {
      "n": 2358,
      "mean": 2.066581849024597,
      "p90": 4.0
    },
    "sonnet": {
      "n": 17066,
      "mean": 85.6810031641861,
      "p90": 61.0
    }
  }
}