{
  "computed_at": "2026-07-22T10:37:48.589648",
  "measured": true,
  "delta_pct": 3984.99,
  "models": {
    "haiku": {
      "n": 2529,
      "mean": 2.0601028074337684,
      "p90": 4.0
    },
    "sonnet": {
      "n": 20922,
      "mean": 84.15505209826976,
      "p90": 61.0
    }
  }
}