{
  "computed_at": "2026-07-16T21:10:37.702429",
  "measured": true,
  "delta_pct": 4815.47,
  "models": {
    "haiku": {
      "n": 1545,
      "mean": 2.042071197411003,
      "p90": 4.0
    },
    "sonnet": {
      "n": 9418,
      "mean": 100.37736249734552,
      "p90": 64.0
    }
  }
}