{
  "computed_at": "2026-07-12T00:01:57.818153",
  "baseline_tokens": 3194,
  "sample_size": 2284,
  "ci95_low": 875.4937945472825,
  "ci95_high": 5512.450163421194,
  "measured": true,
  "arms": {
    "on": {
      "n": 7621,
      "mean": 936.9371473559901,
      "p90": 470,
      "ci95_low": 479.79451130538735,
      "ci95_high": 1394.079783406593
    },
    "off": {
      "n": 2284,
      "mean": 3193.9719789842384,
      "p90": 970,
      "ci95_low": 875.4937945472825,
      "ci95_high": 5512.450163421194
    }
  },
  "stopping_met": false,
  "stopping_status": "STILL COLLECTING \u2014 n_on=7621 / 20, n_off=2284 / 20",
  "verbosity_savings_per_turn": 2257.0,
  "verbosity_pct_saved": 70.7
}