{
  "computed_at": "2026-07-07T01:36:09.361691",
  "baseline_tokens": 173,
  "sample_size": 818,
  "ci95_low": 133.91424112774254,
  "ci95_high": 212.57720141504475,
  "measured": true,
  "arms": {
    "on": {
      "n": 5563,
      "mean": 264.32913895380193,
      "p90": 483,
      "ci95_low": 240.36381933484162,
      "ci95_high": 288.29445857276227
    },
    "off": {
      "n": 818,
      "mean": 173.24572127139365,
      "p90": 388,
      "ci95_low": 133.91424112774254,
      "ci95_high": 212.57720141504475
    }
  },
  "stopping_met": true,
  "stopping_status": "VERBOSITY A/B COMPLETE \u2014 sufficient data (n_on=5563, n_off=818, CI=[134, 213])"
}