{
  "computed_at": "2026-07-22T10:37:48.321849",
  "baseline_tokens": 9313,
  "sample_size": 2433,
  "ci95_low": 4970.213547865533,
  "ci95_high": 13655.30885246328,
  "measured": true,
  "arms": {
    "on": {
      "n": 4458,
      "mean": 4861.66778824585,
      "p90": 820,
      "ci95_low": 2586.902333502453,
      "ci95_high": 7136.4332429892465
    },
    "off": {
      "n": 2433,
      "mean": 9312.761200164407,
      "p90": 1653,
      "ci95_low": 4970.213547865533,
      "ci95_high": 13655.30885246328
    }
  },
  "stopping_met": false,
  "stopping_status": "STILL COLLECTING \u2014 n_on=4458 / 20, n_off=2433 / 20",
  "verbosity_savings_per_turn": 4451.1,
  "verbosity_pct_saved": 47.8
}