{
  "computed_at": "2026-07-16T21:10:37.541540",
  "baseline_tokens": 8190,
  "sample_size": 2372,
  "ci95_low": 3944.9100444327587,
  "ci95_high": 12435.943243931491,
  "measured": true,
  "arms": {
    "on": {
      "n": 4274,
      "mean": 2506.1895180159104,
      "p90": 575,
      "ci95_low": 728.0978833903789,
      "ci95_high": 4284.281152641442
    },
    "off": {
      "n": 2372,
      "mean": 8190.426644182125,
      "p90": 1441,
      "ci95_low": 3944.9100444327587,
      "ci95_high": 12435.943243931491
    }
  },
  "stopping_met": false,
  "stopping_status": "STILL COLLECTING \u2014 n_on=4274 / 20, n_off=2372 / 20",
  "verbosity_savings_per_turn": 5684.2,
  "verbosity_pct_saved": 69.4
}