{
  "computed_at": "2026-07-06T15:03:47.466298",
  "baseline_tokens": 159,
  "sample_size": 714,
  "ci95_low": 115.80502021448979,
  "ci95_high": 202.3882570964346,
  "measured": true,
  "arms": {
    "on": {
      "n": 3884,
      "mean": 275.0350154479918,
      "p90": 577,
      "ci95_low": 249.18130652745612,
      "ci95_high": 300.88872436852745
    },
    "off": {
      "n": 714,
      "mean": 159.0966386554622,
      "p90": 321,
      "ci95_low": 115.80502021448979,
      "ci95_high": 202.3882570964346
    }
  },
  "stopping_met": true,
  "stopping_status": "VERBOSITY A/B COMPLETE \u2014 sufficient data (n_on=3884, n_off=714, CI=[116, 202])"
}