{
  "computed_at": "2026-07-17T07:38:56.889367",
  "baseline_tokens": 8361,
  "sample_size": 2373,
  "ci95_low": 4104.1519195653855,
  "ci95_high": 12617.913820004778,
  "measured": true,
  "arms": {
    "on": {
      "n": 4281,
      "mean": 2633.7126839523476,
      "p90": 585,
      "ci95_low": 841.2620400609328,
      "ci95_high": 4426.163327843762
    },
    "off": {
      "n": 2373,
      "mean": 8361.032869785082,
      "p90": 1447,
      "ci95_low": 4104.1519195653855,
      "ci95_high": 12617.913820004778
    }
  },
  "stopping_met": false,
  "stopping_status": "STILL COLLECTING \u2014 n_on=4281 / 20, n_off=2373 / 20",
  "verbosity_savings_per_turn": 5727.3,
  "verbosity_pct_saved": 68.5
}