{
  "computed_at": "2026-07-20T06:53:20.742485",
  "baseline_tokens": 9313,
  "sample_size": 2433,
  "ci95_low": 4970.213547865533,
  "ci95_high": 13655.30885246328,
  "measured": true,
  "arms": {
    "on": {
      "n": 4380,
      "mean": 3891.592694063927,
      "p90": 699,
      "ci95_low": 1867.2952941630758,
      "ci95_high": 5915.890093964778
    },
    "off": {
      "n": 2433,
      "mean": 9312.761200164407,
      "p90": 1653,
      "ci95_low": 4970.213547865533,
      "ci95_high": 13655.30885246328
    }
  },
  "stopping_met": false,
  "stopping_status": "STILL COLLECTING \u2014 n_on=4380 / 20, n_off=2433 / 20",
  "verbosity_savings_per_turn": 5421.2,
  "verbosity_pct_saved": 58.2
}