{
  "computed_at": "2026-07-11T20:15:34.466557",
  "baseline_tokens": 2679,
  "sample_size": 2213,
  "ci95_low": 374.2749151276457,
  "ci95_high": 4984.369459025088,
  "measured": true,
  "arms": {
    "on": {
      "n": 7621,
      "mean": 936.9371473559901,
      "p90": 470,
      "ci95_low": 479.79451130538735,
      "ci95_high": 1394.079783406593
    },
    "off": {
      "n": 2213,
      "mean": 2679.322187076367,
      "p90": 648,
      "ci95_low": 374.2749151276457,
      "ci95_high": 4984.369459025088
    }
  },
  "stopping_met": false,
  "stopping_status": "STILL COLLECTING \u2014 n_on=7621 / 20, n_off=2213 / 20",
  "verbosity_savings_per_turn": 1742.4,
  "verbosity_pct_saved": 65.0
}