{
  "computed_at": "2026-07-18T10:16:46.295556",
  "baseline_tokens": 8901,
  "sample_size": 2380,
  "ci95_low": 4520.052794779801,
  "ci95_high": 13281.358969926081,
  "measured": true,
  "arms": {
    "on": {
      "n": 4284,
      "mean": 3219.1916433239962,
      "p90": 585,
      "ci95_low": 1232.5094169044173,
      "ci95_high": 5205.873869743575
    },
    "off": {
      "n": 2380,
      "mean": 8900.70588235294,
      "p90": 1478,
      "ci95_low": 4520.052794779801,
      "ci95_high": 13281.358969926081
    }
  },
  "stopping_met": false,
  "stopping_status": "STILL COLLECTING \u2014 n_on=4284 / 20, n_off=2380 / 20",
  "verbosity_savings_per_turn": 5681.5,
  "verbosity_pct_saved": 63.8
}