{
  "computed_at": "2026-07-16T05:25:04.347645",
  "baseline_tokens": 5143,
  "sample_size": 2362,
  "ci95_low": 2521.12885775841,
  "ci95_high": 7764.287738346587,
  "measured": true,
  "arms": {
    "on": {
      "n": 4273,
      "mean": 2278.7023168733913,
      "p90": 575,
      "ci95_low": 557.0192731143427,
      "ci95_high": 4000.38536063244
    },
    "off": {
      "n": 2362,
      "mean": 5142.708298052498,
      "p90": 1426,
      "ci95_low": 2521.12885775841,
      "ci95_high": 7764.287738346587
    }
  },
  "stopping_met": false,
  "stopping_status": "STILL COLLECTING \u2014 n_on=4273 / 20, n_off=2362 / 20",
  "verbosity_savings_per_turn": 2864.0,
  "verbosity_pct_saved": 55.7
}