{
  "computed_at": "2026-07-05T01:23:47.957792",
  "baseline_tokens": 2907,
  "sample_size": 5,
  "ci95_low": -1105.5925577961293,
  "ci95_high": 6919.992557796129,
  "measured": true,
  "arms": {
    "on": {
      "n": 1682,
      "mean": 199.30321046373365,
      "p90": 412,
      "ci95_low": 166.6243417986624,
      "ci95_high": 231.98207912880488
    },
    "off": {
      "n": 5,
      "mean": 2907.2,
      "p90": 10983,
      "ci95_low": -1105.5925577961293,
      "ci95_high": 6919.992557796129
    }
  },
  "stopping_met": false,
  "stopping_status": "STILL COLLECTING \u2014 n_on=1682 / 20, n_off=5 / 20"
}