{
  "computed_at": "2026-07-06T01:22:18.147359",
  "baseline_tokens": 659,
  "sample_size": 45,
  "ci95_low": 166.37211123729264,
  "ci95_high": 1152.2056665404853,
  "measured": true,
  "arms": {
    "on": {
      "n": 2079,
      "mean": 336.5728715728716,
      "p90": 792,
      "ci95_low": 282.547470675576,
      "ci95_high": 390.59827247016716
    },
    "off": {
      "n": 45,
      "mean": 659.2888888888889,
      "p90": 840,
      "ci95_low": 166.37211123729264,
      "ci95_high": 1152.2056665404853
    }
  },
  "stopping_met": false,
  "stopping_status": "STILL COLLECTING \u2014 n_on=2079 / 20, n_off=45 / 20"
}