{
  "computed_at": "2026-07-07T21:17:10.340003",
  "baseline_tokens": 236,
  "sample_size": 2160,
  "ci95_low": 193.6939948250821,
  "ci95_high": 277.6282273971401,
  "measured": true,
  "arms": {
    "on": {
      "n": 7525,
      "mean": 235.1347508305648,
      "p90": 450,
      "ci95_low": 216.6566000810854,
      "ci95_high": 253.6129015800442
    },
    "off": {
      "n": 2160,
      "mean": 235.6611111111111,
      "p90": 460,
      "ci95_low": 193.6939948250821,
      "ci95_high": 277.6282273971401
    }
  },
  "stopping_met": true,
  "stopping_status": "VERBOSITY A/B COMPLETE \u2014 sufficient data (n_on=7525, n_off=2160, CI=[194, 278])"
}